ABDPN1	3	ALS1	8	1ALS, 1XT, 1MP, 1FS, 1XT, 1MP
ABDPNB	5	BLSU9	2	1XT, 1ECC, 1FS, 0BLS
AIRALERT	3	PHM	9	2XT, 1ALS, 1RS, 1E, 1HM, 1HMS, 1BC, 1DC, 1E, 1XT, 1CWFULL, 1HIRT, 1FS, 1TG
AIRBORNR	9	SA	9	1ECC
AIRCRSHF	2	HMFULL	19	5E, 2T, 1RS, 2ALS, 2XT, 2HM, 0HMU, 2HMS, 1BC, 1BC, 2DC, 1CWFULL, 1HIRT, 1SOPS, 1FS, 1TG, 1UAS
AIRCRSHFW	2	HMFULLWTR	15	5E, 2T, 1RS, 2ALS, 2XT, 2HM, 1HMU, 2HMS, 2BT, 2SW, 1BC, 1BC, 2DC, 1CWFULL, 1HIRT, 1SOPS, 1FS, 1TG, 1UAS
AIRCRSHP	3	PHM	8	2XT, 1ALS, 1RS, 1E, 1HM, 1HMS, 1BC, 1DC, 1E, 1XT, 1CWFULL, 1HIRT, 1FS, 1TG
AIRCRSHPW	3	PHMWTR	12	2XT, 1ALS, 1RS, 1E, 1HM, 1HMS, 2B, 2SW, 1BC, 1DC, 1E, 1XT, 1CWFULL, 1HIRT, 1FS, 1TG, 1UAS
AIRFIREL	2	HMFULL	5	5E, 2T, 1RS, 2ALS, 2XT, 2HM, 0HMU, 2HMS, 1BC, 1BC, 2DC, 1CWFULL, 1HIRT, 1SOPS, 1FS, 1TG, 1UAS
AIRFIRES	4	HMADAPT	4	2E, 1T, 1ALS, 2XT, 1HM, 0HM751, 0HMU, 1HMS, 1BC, 1DC, 1CWFULL, 1HIRT, 1SOPS, 1FS, 1TG, 1UAS
AIRFULLE	2	HMFULL	9	5E, 2T, 1RS, 2ALS, 2XT, 2HM, 0HMU, 2HMS, 1BC, 1BC, 2DC, 1CWFULL, 1HIRT, 1SOPS, 1FS, 1TG, 1UAS
AIRINVSTR	5	SE	18	1E, 1ECC, 1FS
AIRMINRE	3	PHM	9	2XT, 1ALS, 1RS, 1E, 1HM, 1HMS, 1BC, 1DC, 1E, 1XT, 1CWFULL, 1HIRT, 1FS, 1TG
ALLERGIC1	3	ALS1	20	1ALS, 1XT, 1MP, 1FS, 1XT, 1MP
ALLERGIC2	2	ALS2	4	2ALS, 1XT, 1MP, 1CWEMS, 1FS, 1XT, 1E
ALLERGICB	5	BLSU9	6	1XT, 1ECC, 1FS, 0BLS
ALRMAFA	6	FD1	3	1E, 1T, 1FS
ALRMAFAR	5	FD1	91	1E, 1T, 1FS
ALRMAMA	5	BLSM	1	1XT, 1MP, 1FS, 1XT, 1MP
ALRMCO	7	SCT	12	1T, 1ECC, 1FS
ALRMCOM	3	FDMULTP	3	2E, 1T, 2XT, 1ALS, 1DC, 1CWFULL, 1FS
ALRMELEVR	7	SCT	1	1T, 1ECC, 1FS
ALRMHOMR	5	SCE	15	1MP, 1ECC, 1FS
ALRMSER	6	SCE	44	1MP, 1ECC, 1FS
ANMLBITE1	3	AL1D	8	1ALS, 1XT, 1MP, 1FS, 1XT, 1E, 1DC, 1CWFULL
ANMLBITE2	2	AL2D	1	2ALS, 1XT, 1MP, 1DC, 1CWFULL, 1FS, 1XT, 1MP
ANMLBITEB	5	BLSU9	5	1XT, 1ECC, 1FS, 0BLS
APLNCADA	4	FE	10	2E, 1T, 1E, 1FS
APLNCADAB	4	FF	4	2E, 1T, 1XT, 1CWFULL, 1FS
APLNCB	4	FC	4	1E, 1XT, 1FS, 1E, 1XT
APLNCH	4	HMADAPT	2	2E, 1T, 1ALS, 2XT, 1HM, 0HM751, 0HMU, 1HMS, 1BC, 1DC, 1CWFULL, 1HIRT, 1SOPS, 1FS, 1TG, 1UAS
APLNCM	3	FDMULTP	4	2E, 1T, 2XT, 1ALS, 1DC, 1CWFULL, 1FS
APLNCSE	5	SE	3	1E, 1ECC, 1FS
APLNCSER	6	SE	7	1E, 1ECC, 1FS
APPLIANCE	4	FE	24	2E, 1T, 1E, 1FS
ASSAULT1	3	AL1D	6	1ALS, 1XT, 1MP, 1FS, 1XT, 1E, 1DC, 1CWFULL
ASSAULT2	2	AL2D	3	2ALS, 1XT, 1MP, 1DC, 1CWFULL, 1FS, 1XT, 1MP
ASSAULTB	5	BLSU9	18	1XT, 1ECC, 1FS, 0BLS
ASSAULTM	3	MLTP	3	2XT, 2ALS, 1MP, 1CWFULL
ASSAULTR	5	BLSU9	3	1XT, 1ECC, 1FS, 0BLS
AUTO	5	FC	2	1E, 1XT, 1FS, 1E, 1XT
BACKCNTRY	9	SA	54	1ECC
BACKPN1	3	ALS1	8	1ALS, 1XT, 1MP, 1FS, 1XT, 1MP
BLDGFIRE	2	FJ	93	5E, 2T, 1RS, 1XT, 1BC, 1BC, 2DC, 1CWFULL, 1FS, 1TG
BLDGFIRET	1	FJ	27	5E, 2T, 1RS, 1XT, 1BC, 1BC, 2DC, 1CWFULL, 1FS, 1TG
BLDGFIRS	4	FH	13	3E, 1T, 1XT, 1E, 1XT, 1BC, 1DC, 1CWFULL, 1TG
BLDGFIRSM	3	FH	1	3E, 1T, 1XT, 1E, 1XT, 1BC, 1DC, 1CWFULL, 1TG
BLDGFREX	2	HMFULLFEI	63	5E, 2T, 1RS, 2ALS, 2XT, 2HM, 0HM751, 0HMU, 2HMS, 1BC, 1BC, 2DC, 1CWFULL, 1FEI, 1HIRT, 1SOPS, 1FS, 1TG, 1UAS
BLDGFREXH	2	HMFULLFEI	9	5E, 2T, 1RS, 2ALS, 2XT, 2HM, 0HM751, 0HMU, 2HMS, 1BC, 1BC, 2DC, 1CWFULL, 1FEI, 1HIRT, 1SOPS, 1FS, 1TG, 1UAS
BLDGFRH	2	HMFULL	12	5E, 2T, 1RS, 2ALS, 2XT, 2HM, 0HMU, 2HMS, 1BC, 1BC, 2DC, 1CWFULL, 1HIRT, 1SOPS, 1FS, 1TG, 1UAS
BLDGFRHMT	1	HMFULL	4	5E, 2T, 1RS, 2ALS, 2XT, 2HM, 0HMU, 2HMS, 1BC, 1BC, 2DC, 1CWFULL, 1HIRT, 1SOPS, 1FS, 1TG, 1UAS
BLDGFRHR	2	FK	9	5E, 3T, 1RS, 1XT, 1BC, 1BC, 2DC, 1CWFULL, 1FS, 1TG
BLDGFRHRT	1	FK	3	5E, 3T, 1RS, 1XT, 1BC, 1BC, 2DC, 1CWFULL, 1FS, 1TG
BLDGFRSME	4	HMADAPTFEI	18	2E, 1T, 2XT, 1ALS, 1HM, 0HM751, 0HMU, 1HMS, 1BC, 1DC, 1CWFULL, 1FEI, 1HIRT, 1SOPS, 1FS, 1TG, 1UAS
BLDGFRSMT	1	FJ	6	5E, 2T, 1RS, 1XT, 1BC, 1BC, 2DC, 1CWFULL, 1FS, 1TG
BOATFIRE	4	FE	13	2E, 1T, 1E, 1FS
BOATFIREB	4	FF	13	2E, 1T, 1XT, 1CWFULL, 1FS
BOATFIREM	3	FDMULTP	13	2E, 1T, 2XT, 1ALS, 1DC, 1CWFULL, 1FS
BOATFROUB	4	FC	3	1E, 1XT, 1FS, 1E, 1XT
BOATFROUM	3	FDMULTP	3	2E, 1T, 2XT, 1ALS, 1DC, 1CWFULL, 1FS
BOATFROUT	5	SE	3	1E, 1ECC, 1FS
BOGS	5	SE	3	1E, 1ECC, 1FS
BOGSB	5	FC	3	1E, 1XT, 1FS, 1E, 1XT
BOGSM	3	FX	3	1E, 1ALS, 2XT, 1FS
BOMBT	3	EX	20	1BU700, 1FEI, 1SOPS, 1UAS
BRUSHLG	4	BRUSHLG	35	2E, 1W, 2B, 1XT, 1BC, 1DC, 1CWFULL, 1UAS
BRUSHLGB	3	BRUSHLG	29	2E, 1W, 2B, 1XT, 1BC, 1DC, 1CWFULL, 1UAS
BRUSHLGM	3	BRUSHLG1	7	2E, 1W, 2B, 1ALS, 2XT, 1BC, 1DC, 1CWFULL, 1UAS
BRUSHS	5	SE	25	1E, 1ECC, 1FS
BRUSHSMB	4	FC	17	1E, 1XT, 1FS, 1E, 1XT
BRUSHSMI	4	FC	2	1E, 1XT, 1FS, 1E, 1XT
BRUSHSMM	3	FX	1	1E, 1ALS, 2XT, 1FS
BTFIREWTR	4	BOATFIRE	27	2BT, 2SW, 1E, 1ALS, 1XT, 1CWFULL, 1SOPS, 1WRT, 1UAS
BUILDING	2	FJ	38	5E, 2T, 1RS, 1XT, 1BC, 1BC, 2DC, 1CWFULL, 1FS, 1TG
BURN1	3	AL1D	2	1ALS, 1XT, 1MP, 1FS, 1XT, 1E, 1DC, 1CWFULL
BURN2	2	AL2D	8	2ALS, 1XT, 1MP, 1DC, 1CWFULL, 1FS, 1XT, 1MP
BURNADA2	1	ADA	24	2E, 1T, 1XT, 2ALS, 1BC, 1DC, 1CWFULL, 1FS, 1E, 1XT
BURNB	5	BLSU9	4	1XT, 1ECC, 1FS, 0BLS
BURNFEI1	3	FALS1FEI	14	1E, 1ALS, 1XT, 1FEI, 1FS
BURNFEIB	5	FCFEI	22	1E, 1XT, 1FEI, 1FS, 1E
BURNMPD2	1	FDMULTP	5	2E, 1T, 2XT, 1ALS, 1DC, 1CWFULL, 1FS
CHIMNEY	2	FJ	22	5E, 2T, 1RS, 1XT, 1BC, 1BC, 2DC, 1CWFULL, 1FS, 1TG
CHIMNEYS	4	FH	2	3E, 1T, 1XT, 1E, 1XT, 1BC, 1DC, 1CWFULL, 1TG
CHOKING1	3	ALS1	10	1ALS, 1XT, 1MP, 1FS, 1XT, 1MP
CHOKING2	2	ALS2	7	2ALS, 1XT, 1MP, 1CWEMS, 1FS, 1XT, 1E
CHOKINGB	5	BLSU9	5	1XT, 1ECC, 1FS, 0BLS
COLD1	3	ALS1	3	1ALS, 1XT, 1MP, 1FS, 1XT, 1MP
COLDB	5	BLSU9	4	1XT, 1ECC, 1FS, 0BLS
COLDM	2	MLTP	1	2XT, 2ALS, 1MP, 1CWFULL
CP1	3	ALS1	9	1ALS, 1XT, 1MP, 1FS, 1XT, 1MP
CP2	2	ALS2	1	2ALS, 1XT, 1MP, 1CWEMS, 1FS, 1XT, 1E
CPR2	1	ALS2EMSDO	40	2ALS, 1XT, 1MP, 1EMSDO, 1CWEMS, 1FS, 1XT, 1MP
CPRHEMM2	1	ALS2EMSDO	2	2ALS, 1XT, 1MP, 1EMSDO, 1CWEMS, 1FS, 1XT, 1MP
CPRHM2	1	HMEMSDO	10	2E, 1T, 2XT, 2ALS, 1HM, 0HM751, 0HMU, 1HMS, 1EMSDO, 1BC, 1DC, 1CWFULL, 1HIRT, 1SOPS, 1TG, 1UAS, 1FS
CPROD2	1	ALS2EMSDO	38	2ALS, 1XT, 1MP, 1EMSDO, 1CWEMS, 1FS, 1XT, 1MP
CTRBLRNR	6	SE	3	1E, 1ECC, 1FS
CTRLBRN	5	SE	2	1E, 1ECC, 1FS
CTRLBRNB	4	FC	3	1E, 1XT, 1FS, 1E, 1XT
CTRLBRNM	3	FX	1	1E, 1ALS, 2XT, 1FS
DECKOVER	4	DECKOVERE	9	5E, 2T, 1RS, 3W, 1XT, 1BC, 1BC, 2DC, 1INV, 1CWFULL, 1FS, 1TG
DECKOVH	4	HMFULL	9	5E, 2T, 1RS, 2ALS, 2XT, 2HM, 0HMU, 2HMS, 1BC, 1BC, 2DC, 1CWFULL, 1HIRT, 1SOPS, 1FS, 1TG, 1UAS
DECLOC1	3	ALS1	36	1ALS, 1XT, 1MP, 1FS, 1XT, 1MP
DIABEPOL1	3	AL1D	6	1ALS, 1XT, 1MP, 1FS, 1XT, 1E, 1DC, 1CWFULL
DIABETIC1	3	ALS1	6	1ALS, 1XT, 1MP, 1FS, 1XT, 1MP
DROWN1	3	AL1D	16	1ALS, 1XT, 1MP, 1FS, 1XT, 1E, 1DC, 1CWFULL
DROWN2	2	PA2	10	2ALS, 1XT, 1RS, 1E, 1E, 1XT, 1DC, 1CWFULL, 1FS
DROWNB	5	BLSU9	10	1XT, 1ECC, 1FS, 0BLS
DSASTRDAN	3	SA	4	1ECC
DSASTRINC	5	SA	8	1ECC
DSASTRINF	6	SA	8	1ECC
DSASTRMCI	2	SA	4	1ECC
DSASTRMED	3	SA	4	1ECC
DSASTRREF	9	SA	4	1ECC
DSASTRSC	9	SA	16	1ECC
DSASTRTRP	2	SA	4	1ECC
DSASTRUTL	5	SA	4	1ECC
ELECDSTR	4	FE	10	2E, 1T, 1E, 1FS
ELECDSTRB	4	FF	4	2E, 1T, 1XT, 1CWFULL, 1FS
ELECDSTRM	3	FDMULTP	2	2E, 1T, 2XT, 1ALS, 1DC, 1CWFULL, 1FS
ELECHAZ	4	FE	31	2E, 1T, 1E, 1FS
ELECHAZ1	3	AL1D	15	1ALS, 1XT, 1MP, 1FS, 1XT, 1E, 1DC, 1CWFULL
ELECHAZB	4	FF	10	2E, 1T, 1XT, 1CWFULL, 1FS
ELECHAZM	3	FDMULTP	27	2E, 1T, 2XT, 1ALS, 1DC, 1CWFULL, 1FS
ELECHAZSE	5	FA	13	1E, 1ECC, 1FS
ELECHZSEB	4	FC	6	1E, 1XT, 1FS, 1E, 1XT
ELECODR	4	FE	10	2E, 1T, 1E, 1FS
ELECODRB	4	FF	4	2E, 1T, 1XT, 1CWFULL, 1FS
ELECODRM	3	FDMULTP	2	2E, 1T, 2XT, 1ALS, 1DC, 1CWFULL, 1FS
ELECODRR	5	SE	7	1E, 1ECC, 1FS
ELECSOL	4	FE	11	2E, 1T, 1E, 1FS
ELECSOLB	3	FF	3	2E, 1T, 1XT, 1CWFULL, 1FS
ELECSOLM	3	FDMULTP	2	2E, 1T, 2XT, 1ALS, 1DC, 1CWFULL, 1FS
ELECTRO1	3	AL1D	13	1ALS, 1XT, 1MP, 1FS, 1XT, 1E, 1DC, 1CWFULL
ELECTRO2	2	AL2D	6	2ALS, 1XT, 1MP, 1DC, 1CWFULL, 1FS, 1XT, 1MP
ELECTROM	2	MLTP	2	2XT, 2ALS, 1MP, 1CWFULL
ELECUNDM	3	FDMULTP	2	2E, 1T, 2XT, 1ALS, 1DC, 1CWFULL, 1FS
ELECUNDR	4	FE	11	2E, 1T, 1E, 1FS
ELECUNDRB	3	FF	3	2E, 1T, 1XT, 1CWFULL, 1FS
ELEVSTFA	3	FH	22	3E, 1T, 1XT, 1E, 1XT, 1BC, 1DC, 1CWFULL, 1TG
ELEVSTFR	4	FE	8	2E, 1T, 1E, 1FS
ELEVSTFRB	4	FF	2	2E, 1T, 1XT, 1CWFULL, 1FS
ELEVSTFRM	4	FDMULTP	1	2E, 1T, 2XT, 1ALS, 1DC, 1CWFULL, 1FS
ELEVTR	7	SCT	1	1T, 1ECC, 1FS
ELEVTR1	3	ALS1	1	1ALS, 1XT, 1MP, 1FS, 1XT, 1MP
ELEVTRB	4	SCTE	1	1T, 1XT, 1FS
ELEVTRR	7	SCT	7	1T, 1ECC, 1FS
ELEVTRTRP	3	PA1	1	1ALS, 1XT, 1RS, 1E, 1XT, 1E, 1DC, 1CWFULL, 1FS
ENTRAP1	3	PA1	31	1ALS, 1XT, 1RS, 1E, 1XT, 1E, 1DC, 1CWFULL, 1FS
ENTRAP2	3	PA2	2	2ALS, 1XT, 1RS, 1E, 1E, 1XT, 1DC, 1CWFULL, 1FS
ENTRAPHM1	3	PHM	10	2XT, 1ALS, 1RS, 1E, 1HM, 1HMS, 1BC, 1DC, 1E, 1XT, 1CWFULL, 1HIRT, 1FS, 1TG
ENTRAPHM2	2	PHM	1	2XT, 1ALS, 1RS, 1E, 1HM, 1HMS, 1BC, 1DC, 1E, 1XT, 1CWFULL, 1HIRT, 1FS, 1TG
FALL1	3	ALS1	19	1ALS, 1XT, 1MP, 1FS, 1XT, 1MP
FALL2	2	AL2D	8	2ALS, 1XT, 1MP, 1DC, 1CWFULL, 1FS, 1XT, 1MP
FALLB	5	BLSU9	37	1XT, 1ECC, 1FS, 0BLS
FALLPOL1	3	AL1D	7	1ALS, 1XT, 1MP, 1FS, 1XT, 1E, 1DC, 1CWFULL
FALLPOL2	2	AL2D	2	2ALS, 1XT, 1MP, 1DC, 1CWFULL, 1FS, 1XT, 1MP
FALLPOLB	5	BLSU9	12	1XT, 1ECC, 1FS, 0BLS
FALLR	7	SCANY	6	1E, 1E, 1FS, 1ECC
FIREOUT	4	FE	48	2E, 1T, 1E, 1FS
FIREOUTH	4	HMADAPT	4	2E, 1T, 1ALS, 2XT, 1HM, 0HM751, 0HMU, 1HMS, 1BC, 1DC, 1CWFULL, 1HIRT, 1SOPS, 1FS, 1TG, 1UAS
FUELODORB	5	FF	2	2E, 1T, 1XT, 1CWFULL, 1FS
FUELODORI	4	FE	1	2E, 1T, 1E, 1FS
FUELODORM	3	FDMULTP	2	2E, 1T, 2XT, 1ALS, 1DC, 1CWFULL, 1FS
FUELODORO	5	SE	1	1E, 1ECC, 1FS
FUELSPIL	5	SE	6	1E, 1ECC, 1FS
FUELSPILB	5	FC	13	1E, 1XT, 1FS, 1E, 1XT
FUELSPILM	4	FG	3	2E, 1T, 1XT, 1CWFULL, 1FS
FUELSPILR	6	SE	6	1E, 1ECC, 1FS
FUELSPLH	4	HMLOCAL	23	1E, 1HM, 0HMU, 1CWFULL, 1HIRT, 1SOPS, 1FS
FUELSPLLG	3	HMADAPT	39	2E, 1T, 1ALS, 2XT, 1HM, 0HM751, 0HMU, 1HMS, 1BC, 1DC, 1CWFULL, 1HIRT, 1SOPS, 1FS, 1TG, 1UAS
GASLEAK	5	FE	12	2E, 1T, 1E, 1FS
GASLEAKB	5	FG	13	2E, 1T, 1XT, 1CWFULL, 1FS
GASLEAKM	3	FDMULTP	13	2E, 1T, 2XT, 1ALS, 1DC, 1CWFULL, 1FS
GASLEAKO	5	SE	3	1E, 1ECC, 1FS
GASLEAKOB	5	FC	2	1E, 1XT, 1FS, 1E, 1XT
GASLEAKOM	3	FX	2	1E, 1ALS, 2XT, 1FS
GASMAJOR	2	GASFULL	12	5E, 2T, 1RS, 1ALS, 1XT, 1HM, 0HMU, 1HMS, 1BC, 1BC, 2DC, 1CWFULL, 1HIRT, 1SOPS, 1UAS, 1FS, 1TG
GASODOR	5	SE	4	1E, 1ECC, 1FS
GASODORB	5	FC	3	1E, 1XT, 1FS, 1E, 1XT
GASODORI	5	FC	1	1E, 1XT, 1FS, 1E, 1XT
GASODORM	3	FX	4	1E, 1ALS, 2XT, 1FS
HAZE	4	FE	20	2E, 1T, 1E, 1FS
HEART1	3	ALS1	9	1ALS, 1XT, 1MP, 1FS, 1XT, 1MP
HEART2	2	ALS2	2	2ALS, 1XT, 1MP, 1CWEMS, 1FS, 1XT, 1E
HEAT1	3	ALS1	3	1ALS, 1XT, 1MP, 1FS, 1XT, 1MP
HEATB	5	BLSU9	5	1XT, 1ECC, 1FS, 0BLS
HEATM	2	MLTP	1	2XT, 2ALS, 1MP, 1CWFULL
HEMM1	3	ALS1	5	1ALS, 1XT, 1MP, 1FS, 1XT, 1MP
HEMM2	2	ALS2	1	2ALS, 1XT, 1MP, 1CWEMS, 1FS, 1XT, 1E
HEMMB	5	BLSU9	9	1XT, 1ECC, 1FS, 0BLS
HMINC	3	HMADAPT	28	2E, 1T, 1ALS, 2XT, 1HM, 0HM751, 0HMU, 1HMS, 1BC, 1DC, 1CWFULL, 1HIRT, 1SOPS, 1FS, 1TG, 1UAS
HMINCCNMP	4	HMADMPD	8	2E, 1T, 2XT, 2ALS, 1HM, 0HM751, 0HMU, 1HMS, 1BC, 1DC, 1CWFULL, 1HIRT, 1SOPS, 1FS, 1TG, 1UAS
HMINCCNTD	4	HMADAPT	8	2E, 1T, 1ALS, 2XT, 1HM, 0HM751, 0HMU, 1HMS, 1BC, 1DC, 1CWFULL, 1HIRT, 1SOPS, 1FS, 1TG, 1UAS
HMINCMPD	3	HMADMPD	28	2E, 1T, 2XT, 2ALS, 1HM, 0HM751, 0HMU, 1HMS, 1BC, 1DC, 1CWFULL, 1HIRT, 1SOPS, 1FS, 1TG, 1UAS
HMINV	5	HMINVEST	3	1E, 1HM, 0HMU, 1DC, 1CWFULL, 1HIRT, 1SOPS, 1FS
HMINVEST	4	HMADAPT	54	2E, 1T, 1ALS, 2XT, 1HM, 0HM751, 0HMU, 1HMS, 1BC, 1DC, 1CWFULL, 1HIRT, 1SOPS, 1FS, 1TG, 1UAS
HMINVSTR	6	HMINVEST	5	1E, 1HM, 0HMU, 1DC, 1CWFULL, 1HIRT, 1SOPS, 1FS
HMSPILL	4	HMADAPT	13	2E, 1T, 1ALS, 2XT, 1HM, 0HM751, 0HMU, 1HMS, 1BC, 1DC, 1CWFULL, 1HIRT, 1SOPS, 1FS, 1TG, 1UAS
HMSPILS	5	HMINVEST	1	1E, 1HM, 0HMU, 1DC, 1CWFULL, 1HIRT, 1SOPS, 1FS
HMSPLS	5	HMLOCAL	3	1E, 1HM, 0HMU, 1CWFULL, 1HIRT, 1SOPS, 1FS
HOUSE	2	FJ	7	5E, 2T, 1RS, 1XT, 1BC, 1BC, 2DC, 1CWFULL, 1FS, 1TG
HOUSET	1	FJ	3	5E, 2T, 1RS, 1XT, 1BC, 1BC, 2DC, 1CWFULL, 1FS, 1TG
INHALE1	3	HMADAPT	50	2E, 1T, 1ALS, 2XT, 1HM, 0HM751, 0HMU, 1HMS, 1BC, 1DC, 1CWFULL, 1HIRT, 1SOPS, 1FS, 1TG, 1UAS
INHALEB	4	HMADAPT	10	2E, 1T, 1ALS, 2XT, 1HM, 0HM751, 0HMU, 1HMS, 1BC, 1DC, 1CWFULL, 1HIRT, 1SOPS, 1FS, 1TG, 1UAS
INHALEM	2	HMADMPD	10	2E, 1T, 2XT, 2ALS, 1HM, 0HM751, 0HMU, 1HMS, 1BC, 1DC, 1CWFULL, 1HIRT, 1SOPS, 1FS, 1TG, 1UAS
INJURDMPB	5	BLSM	5	1XT, 1MP, 1FS, 1XT, 1MP
INJURED1	3	ALS1	12	1ALS, 1XT, 1MP, 1FS, 1XT, 1MP
INJURED2	2	AL2D	2	2ALS, 1XT, 1MP, 1DC, 1CWFULL, 1FS, 1XT, 1MP
INJUREDB	5	BLSU9	16	1XT, 1ECC, 1FS, 0BLS
INJUREDR	6	BLSR	17	1XT, 1ECC, 0BLS, 1FS
INTRF1	3	ALS1NFR	14	1ALS, 1XT, 1FS, 1ECC
INTRF2	2	ALS2	4	2ALS, 1XT, 1MP, 1CWEMS, 1FS, 1XT, 1E
INTRFB	5	BLSNFR	19	1XT, 1ECC, 1FS
INTRFMP1	3	ALS1	18	1ALS, 1XT, 1MP, 1FS, 1XT, 1MP
INTRFMPB	5	BLSU9	22	1XT, 1ECC, 1FS, 0BLS
INTRFR	5	BLSNFR	3	1XT, 1ECC, 1FS
INVEST	5	SE	33	1E, 1ECC, 1FS
INVESTB	4	FC	13	1E, 1XT, 1FS, 1E, 1XT
INVESTEXH	4	HMADAMPFEI	17	2E, 1T, 2XT, 2ALS, 1HM, 0HM751, 0HMU, 1HMS, 1BC, 1BC, 2DC, 1CWFULL, 1FEI, 1HIRT, 1SOPS, 1FS, 1TG, 1UAS
INVESTEXP	5	FCFEI	28	1E, 1XT, 1FEI, 1FS, 1E
INVESTM	3	FX	8	1E, 1ALS, 2XT, 1FS
INVESTR	6	SE	3	1E, 1ECC, 1FS
LIGHNINGB	4	FG	9	2E, 1T, 1XT, 1CWFULL, 1FS
LIGHNINGM	3	FDMULTP	15	2E, 1T, 2XT, 1ALS, 1DC, 1CWFULL, 1FS
LIGHTNGSE	5	SE	1	1E, 1ECC, 1FS
LIGHTNING	5	FE	11	2E, 1T, 1E, 1FS
LOSTPERR	6	LOST	4	1MP, 1XT, 1UTV, 1CWFULL, 1SAR, 1FS, 1UAS
MO1	3	ALS1	10	1ALS, 1XT, 1MP, 1FS, 1XT, 1MP
MOB	5	BLSU9	9	1XT, 1ECC, 1FS, 0BLS
MOPOL1	3	ALS1	33	1ALS, 1XT, 1MP, 1FS, 1XT, 1MP
MOPOLB	5	BLSU9	36	1XT, 1ECC, 1FS, 0BLS
MOR	6	BLSR	4	1XT, 1ECC, 0BLS, 1FS
OB1	3	ALS1	25	1ALS, 1XT, 1MP, 1FS, 1XT, 1MP
OBB	5	BLSU9	14	1XT, 1ECC, 1FS, 0BLS
OD1	3	ALS1	57	1ALS, 1XT, 1MP, 1FS, 1XT, 1MP
OD2	2	ALS2	8	2ALS, 1XT, 1MP, 1CWEMS, 1FS, 1XT, 1E
ODB	5	BLSU9	14	1XT, 1ECC, 1FS, 0BLS
ODINT1	3	ALS1	23	1ALS, 1XT, 1MP, 1FS, 1XT, 1MP
ODINT2	2	ALS2	3	2ALS, 1XT, 1MP, 1CWEMS, 1FS, 1XT, 1E
ODINTB	5	BLSU9	6	1XT, 1ECC, 1FS, 0BLS
ODORSMK	4	FE	24	2E, 1T, 1E, 1FS
ODPOL1	3	ALS1	36	1ALS, 1XT, 1MP, 1FS, 1XT, 1MP
ODPOL2	2	ALS2	6	2ALS, 1XT, 1MP, 1CWEMS, 1FS, 1XT, 1E
ODPOLB	5	BLSU9	16	1XT, 1ECC, 1FS, 0BLS
ONEDOWNB	5	BLSU9	3	1XT, 1ECC, 1FS, 0BLS
ONEDWN32B	5	BLS32D	1	1XT, 1BLS, 1ECC, 1FS
ORDNCNE	6	EX	6	1BU700, 1FEI, 1SOPS, 1UAS
OUTFIRE	5	SE	30	1E, 1ECC, 1FS
OUTFIREB	4	FC	14	1E, 1XT, 1FS, 1E, 1XT
OUTFIREM	3	FDMULTP	10	2E, 1T, 2XT, 1ALS, 1DC, 1CWFULL, 1FS
OUTFIRER	6	SE	5	1E, 1ECC, 1FS
OUTFIRH	5	HMADAPT	22	2E, 1T, 1ALS, 2XT, 1HM, 0HM751, 0HMU, 1HMS, 1BC, 1DC, 1CWFULL, 1HIRT, 1SOPS, 1FS, 1TG, 1UAS
OUTFRADA	5	FE	24	2E, 1T, 1E, 1FS
OUTFRADAB	3	FF	4	2E, 1T, 1XT, 1CWFULL, 1FS
PANALS1	3	ALS1	17	1ALS, 1XT, 1MP, 1FS, 1XT, 1MP
PANALS2	2	ALS2	6	2ALS, 1XT, 1MP, 1CWEMS, 1FS, 1XT, 1E
PANBLSR	6	BLSR	5	1XT, 1ECC, 0BLS, 1FS
PANMIHR	7	BLSR	7	1XT, 1ECC, 0BLS, 1FS
PANONLYALS	3	ALS1SR	7	1ALS, 1ECC, 1FS
PIC1	3	PA1	20	1ALS, 1XT, 1RS, 1E, 1XT, 1E, 1DC, 1CWFULL, 1FS
PIC2	2	PA2	20	2ALS, 1XT, 1RS, 1E, 1E, 1XT, 1DC, 1CWFULL, 1FS
PICB	5	PIB	63	1XT, 1MP, 1FS
PICCYCLE1	3	AL1D	3	1ALS, 1XT, 1MP, 1FS, 1XT, 1E, 1DC, 1CWFULL
PICEXB	4	PIBWEX	56	1XT, 1EX, 1E, 1FS
PICHM1	3	PHM	54	2XT, 1ALS, 1RS, 1E, 1HM, 1HMS, 1BC, 1DC, 1E, 1XT, 1CWFULL, 1HIRT, 1FS, 1TG
PICHM2	2	PHM	13	2XT, 1ALS, 1RS, 1E, 1HM, 1HMS, 1BC, 1DC, 1E, 1XT, 1CWFULL, 1HIRT, 1FS, 1TG
PICHM2	2	PHM2	2	2XT, 2ALS, 1RS, 1E, 1HM, 1HMS, 1BC, 1DC, 1E, 1XT, 1CWFULL, 1HIRT, 1FS, 1TG
PICHMB	3	PHM	40	2XT, 1ALS, 1RS, 1E, 1HM, 1HMS, 1BC, 1DC, 1E, 1XT, 1CWFULL, 1HIRT, 1FS, 1TG
PICMULT1	3	PMCI	24	2XT, 1ALS, 1RS, 1E, 1DC, 1CWFULL, 1FS
PICMULT2	2	PMCI	5	2XT, 1ALS, 1RS, 1E, 1DC, 1CWFULL, 1FS
PICPED1	3	AL1D	4	1ALS, 1XT, 1MP, 1FS, 1XT, 1E, 1DC, 1CWFULL
PICTRAP1	3	PA1	32	1ALS, 1XT, 1RS, 1E, 1XT, 1E, 1DC, 1CWFULL, 1FS
PICTRAPF2	1	AUTOFREX	21	2E, 2ALS, 1XT, 1RS, 1BC, 1DC, 1CWFULL, 1FS, 1E
PICTRFHM2	1	PHM	26	2XT, 1ALS, 1RS, 1E, 1HM, 1HMS, 1BC, 1DC, 1E, 1XT, 1CWFULL, 1HIRT, 1FS, 1TG
PICTRFHM2	1	PHM2	1	2XT, 2ALS, 1RS, 1E, 1HM, 1HMS, 1BC, 1DC, 1E, 1XT, 1CWFULL, 1HIRT, 1FS, 1TG
PICTRPHM1	3	PHM	15	2XT, 1ALS, 1RS, 1E, 1HM, 1HMS, 1BC, 1DC, 1E, 1XT, 1CWFULL, 1HIRT, 1FS, 1TG
SEIZURE1	3	ALS1	14	1ALS, 1XT, 1MP, 1FS, 1XT, 1MP
SEIZURE2	2	ALS2	4	2ALS, 1XT, 1MP, 1CWEMS, 1FS, 1XT, 1E
SEIZUREB	5	BLSU9	11	1XT, 1ECC, 1FS, 0BLS
SHORT	4	FE	24	2E, 1T, 1E, 1FS
SHORTH	4	HMADAPT	2	2E, 1T, 1ALS, 2XT, 1HM, 0HM751, 0HMU, 1HMS, 1BC, 1DC, 1CWFULL, 1HIRT, 1SOPS, 1FS, 1TG, 1UAS
SHOTPOL1	3	AL1D	8	1ALS, 1XT, 1MP, 1FS, 1XT, 1E, 1DC, 1CWFULL
SHOTPOL2	2	AL2D	4	2ALS, 1XT, 1MP, 1DC, 1CWFULL, 1FS, 1XT, 1MP
SHOTPOLB	5	BLSU9	12	1XT, 1ECC, 1FS, 0BLS
SHOTPOLM	2	MLTP	2	2XT, 2ALS, 1MP, 1CWFULL
SICK1	3	ALS1	32	1ALS, 1XT, 1MP, 1FS, 1XT, 1MP
SICKB	5	BLSU9	55	1XT, 1ECC, 1FS, 0BLS
SICKR	6	BLSR	106	1XT, 1ECC, 0BLS, 1FS
SMOKEINV	5	SE	2	1E, 1ECC, 1FS
SPKGINV	4	HMLOCALM	53	1E, 1T, 2ALS, 2XT, 1HM, 0HMU, 1HMS, 1BC, 1DC, 1CWFULL, 1FEI, 1HIRT, 1MAS, 1SOPS, 1FS, 1TG
STABPOL1	3	AL1D	8	1ALS, 1XT, 1MP, 1FS, 1XT, 1E, 1DC, 1CWFULL
STABPOL2	2	AL2D	4	2ALS, 1XT, 1MP, 1DC, 1CWFULL, 1FS, 1XT, 1MP
STABPOLB	5	BLSU9	12	1XT, 1ECC, 1FS, 0BLS
STABPOLM	2	MLTP	2	2XT, 2ALS, 1MP, 1CWFULL
STROKE1	3	ALS1	112	1ALS, 1XT, 1MP, 1FS, 1XT, 1MP
STROKEB	5	BLSU9	120	1XT, 1ECC, 1FS, 0BLS
SUSPKG	6	EX	18	1BU700, 1FEI, 1SOPS, 1UAS
SVCANMLR	7	SCT	2	1T, 1ECC, 1FS
SVCCALL	7	SCT	3	1T, 1ECC, 1FS
SVCCALLB	5	SCTE	1	1T, 1XT, 1FS
SVCCALR	7	SCT	6	1T, 1ECC, 1FS
SVCCWELF	7	SCE	1	1MP, 1ECC, 1FS
SVCLIFT	7	SCANY	1	1E, 1E, 1FS, 1ECC
SVCLOCKR	7	SCT	1	1T, 1ECC, 1FS
SVCVEHLO	7	SCTE	1	1T, 1XT, 1FS
SVCWTRR	7	SCT	2	1T, 1ECC, 1FS
TANKBLDG	4	FE	9	2E, 1T, 1E, 1FS
TANKLG	2	GASFULL	59	5E, 2T, 1RS, 1ALS, 1XT, 1HM, 0HMU, 1HMS, 1BC, 1BC, 2DC, 1CWFULL, 1HIRT, 1SOPS, 1UAS, 1FS, 1TG
TANKS	5	SE	4	1E, 1ECC, 1FS
TANKSMB	4	FC	4	1E, 1XT, 1FS, 1E, 1XT
TANKSMH	3	HMADAPT	36	2E, 1T, 1ALS, 2XT, 1HM, 0HM751, 0HMU, 1HMS, 1BC, 1DC, 1CWFULL, 1HIRT, 1SOPS, 1FS, 1TG, 1UAS
TANKSMIB	4	FF	6	2E, 1T, 1XT, 1CWFULL, 1FS
TANKSMM	3	FX	1	1E, 1ALS, 2XT, 1FS
TB1	3	ALS1	37	1ALS, 1XT, 1MP, 1FS, 1XT, 1MP
TB2	2	ALS2	4	2ALS, 1XT, 1MP, 1CWEMS, 1FS, 1XT, 1E
TBB	4	BLSU9	4	1XT, 1ECC, 1FS, 0BLS
TBPOL2	2	ALS2	4	2ALS, 1XT, 1MP, 1CWEMS, 1FS, 1XT, 1E
TNKFROUT	5	SE	1	1E, 1ECC, 1FS
TNKFROUTB	4	FC	3	1E, 1XT, 1FS, 1E, 1XT
TNKFROUTM	3	FX	1	1E, 1ALS, 2XT, 1FS
TRAINCRSH	2	TRC	72	5E, 2T, 1RS, 2ALS, 4XT, 1HM, 1HMS, 1BC, 1BC, 2DC, 1CWFULL, 1NCRCIG, 1RAIL, 1SOPS, 1FS, 1TG, 1UAS
TRAINFIRE	2	TRC	54	5E, 2T, 1RS, 2ALS, 4XT, 1HM, 1HMS, 1BC, 1BC, 2DC, 1CWFULL, 1NCRCIG, 1RAIL, 1SOPS, 1FS, 1TG, 1UAS
TRAININV	4	TRM	52	2E, 1T, 1XT, 1BC, 1DC, 1CWFULL, 1NCRCIG, 1RAIL, 1SOPS, 1FS, 1TG, 1UAS
TRAININVR	5	TRM	5	2E, 1T, 1XT, 1BC, 1DC, 1CWFULL, 1NCRCIG, 1RAIL, 1SOPS, 1FS, 1TG, 1UAS
TRAINPED	2	TRAT	8	1TG, 1E, 1T, 1RS729, 2ALS, 1XT, 1TR700, 1SU725, 1SU729, 1SU731, 1BC, 1DC, 1CWFULL, 1NCRCIG, 1SOPS, 1RAIL, 1TRT, 1FS, 1UAS
TRANSFORMR	5	SE	3	1E, 1ECC, 1FS
TRANSFRMR	6	SE	14	1E, 1ECC, 1FS
TRAUMPOL1	3	AL1D	8	1ALS, 1XT, 1MP, 1FS, 1XT, 1E, 1DC, 1CWFULL
TRAUMPOL2	2	AL2D	4	2ALS, 1XT, 1MP, 1DC, 1CWFULL, 1FS, 1XT, 1MP
TRAUMPOLB	5	BLSU9	12	1XT, 1ECC, 1FS, 0BLS
TRAUMPOLM	2	MLTP	2	2XT, 2ALS, 1MP, 1CWFULL
TRNSFRM1	3	AL1D	2	1ALS, 1XT, 1MP, 1FS, 1XT, 1E, 1DC, 1CWFULL
TRNSFRMB	4	FC	2	1E, 1XT, 1FS, 1E, 1XT
TRNSFRMM	3	FDMULTP	2	2E, 1T, 2XT, 1ALS, 1DC, 1CWFULL, 1FS
TRTCOLAPS	2	RES	16	1E, 1T, 1RS, 1RS729, 1ALS, 1XT, 2TR700, 0OOCTRT, 1SU729, 1SU731, 1SU725, 1BC, 1DC, 1CWFULL, 1SOPS, 1TRT, 1FS, 1TG, 1UAS
TRTCOLAPW	3	TECHWTR	4	1E, 1T, 1RS, 1RS729, 1ALS, 1XT, 2TR700, 1SU725, 1SU729, 1SU731, 2BT, 2SW, 1BC, 1DC, 1CWFULL, 1SOPS, 1TRT, 1TG, 1UAS
TRTCONFIN	2	RES	16	1E, 1T, 1RS, 1RS729, 1ALS, 1XT, 2TR700, 0OOCTRT, 1SU729, 1SU731, 1SU725, 1BC, 1DC, 1CWFULL, 1SOPS, 1TRT, 1FS, 1TG, 1UAS
TRTTECH	2	RES	83	1E, 1T, 1RS, 1RS729, 1ALS, 1XT, 2TR700, 0OOCTRT, 1SU729, 1SU731, 1SU725, 1BC, 1DC, 1CWFULL, 1SOPS, 1TRT, 1FS, 1TG, 1UAS
TRTTECHW	3	TECHWTR	1	1E, 1T, 1RS, 1RS729, 1ALS, 1XT, 2TR700, 1SU725, 1SU729, 1SU731, 2BT, 2SW, 1BC, 1DC, 1CWFULL, 1SOPS, 1TRT, 1TG, 1UAS
TRTTRENCH	2	RES	15	1E, 1T, 1RS, 1RS729, 1ALS, 1XT, 2TR700, 0OOCTRT, 1SU729, 1SU731, 1SU725, 1BC, 1DC, 1CWFULL, 1SOPS, 1TRT, 1FS, 1TG, 1UAS
UNCON2	2	ALS2	2	2ALS, 1XT, 1MP, 1CWEMS, 1FS, 1XT, 1E
UNEMER	4	BLSM	1	1XT, 1MP, 1FS, 1XT, 1MP
UNKODORR	5	SE	3	1E, 1ECC, 1FS
UNKODRB	4	FG	5	2E, 1T, 1XT, 1CWFULL, 1FS
UNKODRM	3	FDMULTP	2	2E, 1T, 2XT, 1ALS, 1DC, 1CWFULL, 1FS
VEHEXP	5	FADA	7	2E, 1T, 1CWFULL, 1FS
VEHEXPH	4	HMADAMPFEI	2	2E, 1T, 2XT, 2ALS, 1HM, 0HM751, 0HMU, 1HMS, 1BC, 1BC, 2DC, 1CWFULL, 1FEI, 1HIRT, 1SOPS, 1FS, 1TG, 1UAS
VEHFIRE	5	FEMP	43	1E, 1MP, 1FS, 1E
VEHFIREB	3	FX	13	1E, 1ALS, 2XT, 1FS
VEHFIREM	3	FDMULTP	17	2E, 1T, 2XT, 1ALS, 1DC, 1CWFULL, 1FS
VEHFIRH	5	HMADMPD	34	2E, 1T, 2XT, 2ALS, 1HM, 0HM751, 0HMU, 1HMS, 1BC, 1DC, 1CWFULL, 1HIRT, 1SOPS, 1FS, 1TG, 1UAS
VEHFIRLG	5	FADA	21	2E, 1T, 1CWFULL, 1FS
VEHFIRLGB	5	FF	12	2E, 1T, 1XT, 1CWFULL, 1FS
VEHFIRPRK	3	FJ	3	5E, 2T, 1RS, 1XT, 1BC, 1BC, 2DC, 1CWFULL, 1FS, 1TG
VEHFRBLDB	3	FDMULTP	1	2E, 1T, 2XT, 1ALS, 1DC, 1CWFULL, 1FS
VEHFRBLDG	4	FADA	5	2E, 1T, 1CWFULL, 1FS
VEHFRBLH	3	HMFULL	7	5E, 2T, 1RS, 2ALS, 2XT, 2HM, 0HMU, 2HMS, 1BC, 1BC, 2DC, 1CWFULL, 1HIRT, 1SOPS, 1FS, 1TG, 1UAS
VEHFREXP	3	HMADAPTFEI	18	2E, 1T, 2XT, 1ALS, 1HM, 0HM751, 0HMU, 1HMS, 1BC, 1DC, 1CWFULL, 1FEI, 1HIRT, 1SOPS, 1FS, 1TG, 1UAS
VEHFRLGH	4	HMADMPD	30	2E, 1T, 2XT, 2ALS, 1HM, 0HM751, 0HMU, 1HMS, 1BC, 1DC, 1CWFULL, 1HIRT, 1SOPS, 1FS, 1TG, 1UAS
VEHFRTRAP	1	AUTOFREX	18	2E, 2ALS, 1XT, 1RS, 1BC, 1DC, 1CWFULL, 1FS, 1E
VEHFRTRH	3	HMFULL	18	5E, 2T, 1RS, 2ALS, 2XT, 2HM, 0HMU, 2HMS, 1BC, 1BC, 2DC, 1CWFULL, 1HIRT, 1SOPS, 1FS, 1TG, 1UAS
VFIRPRKH	4	HMFULL	3	5E, 2T, 1RS, 2ALS, 2XT, 2HM, 0HMU, 2HMS, 1BC, 1BC, 2DC, 1CWFULL, 1HIRT, 1SOPS, 1FS, 1TG, 1UAS
WIRES	5	SE	12	1E, 1ECC, 1FS
WIRES1	3	AL1D	9	1ALS, 1XT, 1MP, 1FS, 1XT, 1E, 1DC, 1CWFULL
WIRESB	4	FC	5	1E, 1XT, 1FS, 1E, 1XT
WIRESM	3	FDMULTP	8	2E, 1T, 2XT, 1ALS, 1DC, 1CWFULL, 1FS
WIRESR	6	SE	28	1E, 1ECC, 1FS
